# ID,Label
10001,0.18031442467046407
10002,0.0979330300638707
10003,0.4792823983951893
10004,0.900497134380791
10005,0.7579470392485509
10006,0.11549111705483801
10007,0.20436181362361633
10008,0.5369003748535308
10009,0.5068856798755654
10010,0.8470095192517253
10011,0.0992137042785905
10012,0.6080529696363868
10013,0.31821744851791056
10014,0.5789477175338188
10015,0.11900845631909976
10016,0.8650731813076822
10017,0.8155419062533814
10018,0.8891810622368899
10019,0.759860394484648
10020,0.36060637585990185
10021,0.12297049994088718
10022,0.21476294282160632
10023,0.08290132032130614
10024,0.12056651861858349
10025,0.22165328222015362
10026,0.12625873505661206
10027,0.08873514278678328
10028,0.7324537319960802
10029,0.6847876525571501
10030,0.13558755764966599
10031,0.10873817003698004
10032,0.1829529917357536
10033,0.08627857231344974
10034,0.10268415880296458
10035,0.142610855051619
10036,0.48071132607170464
10037,0.4346749279770378
10038,0.10744890492931629
10039,0.1602572967496994
10040,0.3442067835750548
10041,0.07566858897855785
10042,0.3284137209122683
10043,0.4656273720901565
10044,0.5756746430093536
10045,0.9024081743040043
10046,0.6861158613703178
10047,0.42862596310156564
10048,0.4934181872499092
10049,0.07657656702985441
10050,0.5500866089501779
10051,0.6959481416644343
10052,0.7276683541335569
10053,0.8059720218194596
10054,0.7203164445179704
10055,0.0777797183482406
10056,0.5956788556808161
10057,0.614019930324553
10058,0.23644442756125078
10059,0.8314771262383353
10060,0.6407037072055496
10061,0.1134387122293345
10062,0.5506511284985349
10063,0.6541600292515112
10064,0.8774542517150553
10065,0.8677834980491234
10066,0.8763665465052097
10067,0.7411333643949738
10068,0.7219497738856395
10069,0.8656287301387909
10070,0.8380742987950516
10071,0.7338904513315447
10072,0.8298633661362267
10073,0.12002920387794327
10074,0.6957453582156133
10075,0.8720830487758447
10076,0.7819492005650032
10077,0.5560937328173395
10078,0.5539137342725752
10079,0.5564377655742454
10080,0.6591724221888102
10081,0.5487411295624736
10082,0.6287553682529551
10083,0.5939326493470526
10084,0.6175616221265863
10085,0.840299198458248
10086,0.8682239137382697
10087,0.49083744798619566
10088,0.4790964609755557
10089,0.5445262218612894
10090,0.6778766815751988
10091,0.7306498515185336
10092,0.7306498515185336
10093,0.5534546734260084
10094,0.3468644774305511
10095,0.3468644252764869
10096,0.6249180729037083
10097,0.8895681194622393
10098,0.18149704584420176
10099,0.7877330200162818
10100,0.0754475817209457
10101,0.07603466286143384
10102,0.3770848302325608
10103,0.35814855035791693
10104,0.5175964352835185
10105,0.9032432924672252
10106,0.08166604496963366
10107,0.08301465763219901
10108,0.5119389900529959
10109,0.5140223032494038
10110,0.6611490754467144
10111,0.8096299353961491
10112,0.09219879632429695
10113,0.3893858786539446
10114,0.3599134636803166
10115,0.3123199610574109
10116,0.5641378456184968
10117,0.3474134133217614
10118,0.6719266812316469
10119,0.5378229376153124
10120,0.8677834980491234
10121,0.6148438926052857
10122,0.6667252270382908
10123,0.3216562455065542
10124,0.902598719086143
10125,0.21767737234519366
10126,0.07466076019079376
10127,0.10987718336340979
10128,0.08557059485526854
10129,0.14358193635967031
10130,0.13909148841515329
10131,0.13109146150575124
10132,0.16091876206860295
10133,0.10331185683681221
10134,0.08998685705037188
10135,0.09516862431561743
10136,0.09429848342596893
10137,0.0987363563098118
10138,0.08405157753162562
10139,0.2645316672628747
10140,0.10629589860057204
10141,0.08231683392141498
10142,0.11052074670974957
10143,0.09709028893014002
10144,0.31042861104067754
10145,0.08052236750909332
10146,0.0948262051992992
10147,0.08124893738817485
10148,0.09172143564307605
10149,0.09948528602643715
10150,0.1528668965676111
10151,0.08179988790083043
10152,0.10329866749508909
10153,0.0827429865710991
10154,0.0902643503172808
10155,0.1959742653516969
10156,0.3144959160730231
10157,0.8057334196973067
10158,0.11543713484679731
10159,0.0783894168792515
10160,0.09852212330055671
10161,0.8499040990987221
10162,0.0782913479548023
10163,0.29408315376208893
10164,0.6215697724208642
10165,0.36926749239962364
10166,0.1677301915544721
10167,0.09846030685819712
10168,0.11973939224894051
10169,0.1180057823400601
10170,0.0880933113358672
10171,0.3774117139393445
10172,0.08049961638543407
10173,0.49849976496899107
10174,0.30331319160970155
10175,0.1020283361580575
10176,0.11401067604532863
10177,0.10231162393822567
10178,0.8962347126042731
10179,0.7290587657050147
10180,0.08312780183683355
10181,0.15390437447678026
10182,0.10185586379157677
10183,0.08996519852844909
10184,0.2054842385860196
10185,0.13571508575987037
10186,0.17244029823836018
10187,0.1643505009705976
10188,0.8953836246089635
10189,0.4650132393849366
10190,0.691491331370055
10191,0.14004824521559875
10192,0.0906229410581436
10193,0.11011669211296385
10194,0.2408853522243105
10195,0.40251318860409807
10196,0.4361057577967777
10197,0.0879008719451218
10198,0.20617391593928558
10199,0.32290612918418793
10200,0.10795536656954688
10201,0.21724377013882995
10202,0.07929006243576477
10203,0.12069873149117133
10204,0.10418651498016396
10205,0.10528930365248418
10206,0.11631318517444049
10207,0.08833591200030683
10208,0.15128202197600016
10209,0.3857913573243824
10210,0.63295520896655
10211,0.63295520896655
10212,0.7768502551445868
10213,0.09517479168817032
10214,0.5061444035712498
10215,0.8860405244122818
10216,0.841764003665399
10217,0.8773607497109912
10218,0.10027526549838503
10219,0.2621265028728432
10220,0.08744136421131454
10221,0.09800618405625933
10222,0.08789368034612788
10223,0.09233242995841548
10224,0.48022965117965594
10225,0.35990149060375826
10226,0.09045725106905096
10227,0.8164589774613749
10228,0.08822259903099013
10229,0.09630905504682533
10230,0.10046375146816328
10231,0.08458413393165129
10232,0.08061620984115724
10233,0.22935683893852526
10234,0.1881736501414503
10235,0.07499723174232927
10236,0.07695928920157977
10237,0.07992357198821559
10238,0.08001179369221201
10239,0.08005047320186273
10240,0.09862085358808731
10241,0.10633320262667409
10242,0.08670989823768827
10243,0.14907522335917806
10244,0.08366116299485413
10245,0.08746549120372177
10246,0.08180909114426328
10247,0.07995109077075314
10248,0.07557051743297319
10249,0.09882270594159479
10250,0.08716859410520345
10251,0.08464151274924629
10252,0.08263020585645721
10253,0.08107121806194802
10254,0.07834153608317407
10255,0.10205025582542372
10256,0.09263704071185946
10257,0.09197796722385705
10258,0.08461093314876832
10259,0.19687602346491173
10260,0.08042254812063679
10261,0.11604661746401179
10262,0.08848882062166041
10263,0.07628821654421142
10264,0.6549865072759323
10265,0.6662735651576382
10266,0.28125052693312474
10267,0.2467780395438347
10268,0.07572906274530375
10269,0.23967197608785812
10270,0.089227377545111
10271,0.09284826023217677
10272,0.6172773232631499
10273,0.4542297236715083
10274,0.09642811097235339
10275,0.4829935120619454
10276,0.0964216396781323
10277,0.13103915712721442
10278,0.343390857645275
10279,0.1841800392844402
10280,0.1841800392844402
10281,0.1107319422071856
10282,0.4861905109401143
10283,0.5778785004937879
10284,0.4720623764257965
10285,0.40332472234297445
10286,0.5450277580910001
10287,0.42449771236324285
10288,0.4370266970946014
10289,0.4370267119957626
10290,0.08337913779593012
10291,0.08837505023150831
10292,0.8276052139439167
10293,0.09251323520483616
10294,0.09295297288928733
10295,0.07688810983866587
10296,0.08353628012476111
10297,0.5144382597611697
10298,0.45662924242362185
10299,0.40864283867467754
10300,0.7664863532198644
10301,0.1557961884252021
10302,0.08002634564316655
10303,0.36775298714530685
10304,0.3942084425634184
10305,0.6241470072213143
10306,0.08889516600613964
10307,0.09997683471889422
10308,0.12229379383530428
10309,0.1425071671291826
10310,0.1070275511094512
10311,0.11191832887257812
10312,0.09293777986222813
10313,0.09214629698394702
10314,0.09158245191379186
10315,0.15917247854976324
10316,0.09607305871718622
10317,0.09921198110185492
10318,0.09094842472198073
10319,0.2171835729003987
10320,0.08454862377876984
10321,0.7180011696663378
10322,0.6607623804167938
10323,0.1435137601214849
10324,0.3042133242206135
10325,0.612943033572069
10326,0.8437636053565503
10327,0.6272171211392243
10328,0.17066307974370964
10329,0.48299513724842064
10330,0.2196232864075473
10331,0.7999678927969908
10332,0.8038033072516143
10333,0.40060532602419197
10334,0.1594439928767619
10335,0.37240601784884425
10336,0.5783523494428817
10337,0.08764280997041296
10338,0.8118066453737651
10339,0.43372692208538616
10340,0.8151333039535468
10341,0.3848996534594981
10342,0.09191545445119081
10343,0.3716875309151431
10344,0.7525173706526747
10345,0.8132931168998436
10346,0.7689946783638125
10347,0.8504755719105701
10348,0.8700400644772999
10349,0.5853321477810062
10350,0.5655961715631805
10351,0.5246396182115896
10352,0.10629653816884355
10353,0.5747991004426928
10354,0.6972162715389751
10355,0.5404598038287317
10356,0.474962873820526
10357,0.19908845442482934
10358,0.13800677027962757
10359,0.5925988887691918
10360,0.5792042560553137
10361,0.7378434451954801
10362,0.6740376459009509
10363,0.5615969816295551
10364,0.6561117144923532
10365,0.7055958205598448
10366,0.673362797281772
10367,0.656720038566197
10368,0.6884348346087745
10369,0.5541327450023869
10370,0.6344542328146574
10371,0.7326716781715857
10372,0.5461750130011355
10373,0.5694541366657146
10374,0.5481284356519954
10375,0.5481284356519954
10376,0.5873192027934598
10377,0.596372744515206
10378,0.7256577541273677
10379,0.6719920275691225
10380,0.5536062667516168
10381,0.5521875732677712
10382,0.4313129005186423
10383,0.4313129303209647
10384,0.5620191260793993
10385,0.5813544048464112
10386,0.12420951287982473
10387,0.5609520580676504
10388,0.5432564713871715
10389,0.611599497842547
10390,0.6035303085120264
10391,0.598764476755546
10392,0.5899104677837028
10393,0.6695484678600683
10394,0.5655750689500977
10395,0.5983302842725838
10396,0.6594220523831135
10397,0.58132974605111
10398,0.7003777382156812
10399,0.7210167075410163
10400,0.8182087509796828
10401,0.643858524212696
10402,0.887544676003921
10403,0.9006829623843601
10404,0.5636400935821089
10405,0.5638983786771254
10406,0.6063217122895062
10407,0.5665926048942487
10408,0.5316984285390003
10409,0.5316984285390003
10410,0.588801685474941
10411,0.90830947223567
10412,0.8004960581554913
10413,0.6866477565056066
10414,0.7770291833992071
10415,0.8152288993224537
10416,0.8524881112368857
10417,0.52644610113763
10418,0.8585482536681233
10419,0.8100992854730014
10420,0.6166275215853456
10421,0.7949697804705739
10422,0.5441179055186176
10423,0.272414617563433
10424,0.6956238968425315
10425,0.6951414501696582
10426,0.5463703591965955
10427,0.59130117607744
10428,0.5497242274669686
10429,0.5829549062771588
10430,0.541573098201582
10431,0.7919300404298378
10432,0.5836747034445912
10433,0.6094282748007483
10434,0.7815383075791239
10435,0.583803518166869
10436,0.7754277825859397
10437,0.6072071865562945
10438,0.5962360097411493
10439,0.5962360097411493
10440,0.6485451480542522
10441,0.8070404557820886
10442,0.593723273935205
10443,0.6730239567905192
10444,0.624257416069515
10445,0.5857659840134224
10446,0.8347572014432398
10447,0.8360538019424316
10448,0.6265976023199721
10449,0.5224569869909876
10450,0.5513535837055956
10451,0.5595144753633897
10452,0.5621876094450875
10453,0.5610699089054432
10454,0.7523393056900946
10455,0.8312767941964119
10456,0.840342336912322
10457,0.840342336912322
10458,0.7559887277015636
10459,0.6117650219058818
10460,0.6079317037199604
10461,0.6034900558575905
10462,0.7026462283766521
10463,0.8629233934182206
10464,0.8400572392893547
10465,0.8288830783692891
10466,0.6325776752824072
10467,0.5515607004323824
10468,0.5993000574539173
10469,0.5679029306075485
10470,0.5755128553908566
10471,0.6994930097344887
10472,0.6682155396090128
10473,0.5785117676070947
10474,0.6165967879117822
10475,0.6165967879117822
10476,0.6573254891987119
10477,0.4666172151044809
10478,0.5570484286160093
10479,0.5807564633885781
10480,0.5660540301097
10481,0.5832860425254147
10482,0.5461323384985406
10483,0.5847566401760367
10484,0.5945713707844942
10485,0.5772534906169559
10486,0.5512677474498388
10487,0.5177808015562553
10488,0.7074806838185728
10489,0.7163966253288208
10490,0.5354537049812014
10491,0.8509618561008648
10492,0.6467938765319247
10493,0.5359620888986628
10494,0.5460133791158964
10495,0.5330246171235686
10496,0.612052167454953
10497,0.5277675613633783
10498,0.7142246876745297
10499,0.5326657074107948
10500,0.5326657074107948
10501,0.5536989373329992
10502,0.6178748166342088
10503,0.5561711903200437
10504,0.5402698373915622
10505,0.6045479493835665
10506,0.5757250722531595
10507,0.5715253184590798
10508,0.5438431224870445
10509,0.6568111994704707
10510,0.5206839329676944
10511,0.6010875412434769
10512,0.628606208157609
10513,0.7157882249458629
10514,0.7157882249458629
10515,0.7423798674451516
10516,0.7106673147777022
10517,0.554958969488418
10518,0.5974405237871404
10519,0.5565278229105479
10520,0.6680025757172963
10521,0.6096283041946818
10522,0.5886995337111561
10523,0.6962675025624737
10524,0.5654525875276404
10525,0.5516904296283592
10526,0.5967604111953408
10527,0.5878811931233544
10528,0.8027186526459963
10529,0.5691538651503201
10530,0.5922009448487437
10531,0.5922009448487437
10532,0.28825928928257644
10533,0.6500627928607008
10534,0.5431291602005734
10535,0.6250256141383552
10536,0.844742792832495
10537,0.8343656200292707
10538,0.13785234806839744
10539,0.7287866984565009
10540,0.7501644013122054
10541,0.8590851411974805
10542,0.8598390692690783
10543,0.5293663409232138
10544,0.5742052337247643
10545,0.6319571749253642
10546,0.5711917717214692
10547,0.6131884275372448
10548,0.6777093659158774
10549,0.9019885023968784
10550,0.5851550178662436
10551,0.5577968897923078
10552,0.7175158424596318
10553,0.5494944676176894
10554,0.5389605700475804
10555,0.9097682028606043
10556,0.895553266210154
10557,0.9056208751267961
10558,0.8837388330593261
10559,0.8849978966726801
10560,0.8863510749478132
10561,0.7744588758776588
10562,0.0852499300457431
10563,0.08649714284421392
10564,0.5507317883382263
10565,0.8140084726581506
10566,0.7531853166291197
10567,0.7162156665918652
10568,0.5012462479144731
10569,0.5457185577927229
10570,0.6291806890718135
10571,0.5916990832630287
10572,0.8077438191996791
10573,0.35493781575432665
10574,0.6473746068508917
10575,0.0774720675327622
10576,0.09423518991320078
10577,0.09271876482361109
10578,0.10091498839714244
10579,0.08629538147183631
10580,0.09949699101130577
10581,0.09098579040407592
10582,0.11465962610211149
10583,0.31095373810881505
10584,0.2383245099142523
10585,0.0867455151158555
10586,0.09613148131982312
10587,0.0878547456687134
10588,0.11001205839196784
10589,0.0819120452174627
10590,0.08808220176332152
10591,0.14442157557889262
10592,0.10410368398862954
10593,0.096322897180767
10594,0.08107201548637247
10595,0.11370653218085897
10596,0.09088813439957912
10597,0.10728440453910645
10598,0.3010570978458845
10599,0.1301054012116108
10600,0.09082553577159021
10601,0.14427708026707645
10602,0.22777631071746585
10603,0.13142189351893052
10604,0.07995023371265234
10605,0.13605151609574123
10606,0.1100547046288431
10607,0.08907646492439222
10608,0.1293881485703841
10609,0.1078367872264513
10610,0.09990484172561026
10611,0.1074082589234748
10612,0.7286955850872572
10613,0.5567525795752517
10614,0.6506598241201803
10615,0.21201970726995992
10616,0.08065770100870337
10617,0.10447569000902462
10618,0.13450844074222001
10619,0.10985962438124267
10620,0.12433036526961379
10621,0.09116077597862265
10622,0.11143921695063079
10623,0.26625097512585644
10624,0.40937715767404526
10625,0.08061011477754391
10626,0.5491785754122578
10627,0.20252922585184285
10628,0.1885115814969956
10629,0.12002039724904134
10630,0.5983579272596155
10631,0.5401892009676138
10632,0.5401892009676138
10633,0.323456005025056
10634,0.5356139776819839
10635,0.6505474178214079
10636,0.40819342025114913
10637,0.6482165776358509
10638,0.5591698280647475
10639,0.3123726020600443
10640,0.31294971546046085
10641,0.3104422389009638
10642,0.5341416635145013
10643,0.5738658470506626
10644,0.5809913598505336
10645,0.5519107948050396
10646,0.5900933088212634
10647,0.5783933556118035
10648,0.6076514856362473
10649,0.7392806686390558
10650,0.7391040637821039
10651,0.7237008593995696
10652,0.494844286047385
10653,0.5762454719627932
10654,0.7381000351087799
10655,0.8225457729324639
10656,0.5820165431785873
10657,0.5615830973503609
10658,0.6020434797646647
10659,0.49915445796139835
10660,0.2569636956031278
10661,0.19018445208788795
10662,0.43566631176064047
10663,0.6714295553616759
10664,0.7294848027282926
10665,0.6071873685709831
10666,0.524459073042119
10667,0.5642974601772157
10668,0.5086794296925403
10669,0.0795216414930369
10670,0.08571791118054864
10671,0.22688722427118427
10672,0.08718061866150366
10673,0.592100467780184
10674,0.6585563490929157
10675,0.6319134196854826
10676,0.8061604448023083
10677,0.8702448310248191
10678,0.3613178209819683
10679,0.3924514958819582
10680,0.5466542817343586
10681,0.6300730867120403
10682,0.6388710618615255
10683,0.608055370895338
10684,0.6076900841744343
10685,0.597574891060964
10686,0.5886776017518439
10687,0.6827377688841105
10688,0.7280928574194894
10689,0.6024456111239836
10690,0.5946978563087653
10691,0.5854345511605515
10692,0.7309691486005726
10693,0.6756957821545306
10694,0.6970505388168099
10695,0.7779480133155355
10696,0.8205517355529052
10697,0.5563512631243273
10698,0.5551723196298557
10699,0.6113229568449483
10700,0.3417161246371688
10701,0.5600302784106284
10702,0.08957808361583675
10703,0.22571189127206498
10704,0.5782293087232829
10705,0.559239745876454
10706,0.7430106800067611
10707,0.5869639392279515
10708,0.5658067320949403
10709,0.5258645044472426
10710,0.554921315729121
10711,0.554921315729121
10712,0.5702509570156744
10713,0.5702509570156744
10714,0.7248349465908933
10715,0.7248349465908933
10716,0.12035306779381164
10717,0.28720771194842476
10718,0.29226482880042437
10719,0.6483691594864164
10720,0.12199014513685191
10721,0.08489630689414127
10722,0.6630989507437024
10723,0.5012305255307279
10724,0.7117033772807678
10725,0.8111775787246979
10726,0.5960722684964295
10727,0.572575611941278
10728,0.572575611941278
10729,0.8443444488164912
10730,0.8509644788693168
10731,0.8502953922182884
10732,0.8739873065014077
10733,0.8438440024531776
10734,0.8653224156181353
10735,0.8632136847437251
10736,0.8697622138170021
10737,0.7390310261797206
10738,0.5661706123603788
10739,0.24804267825538817
10740,0.575063054957653
10741,0.611613026356875
10742,0.5872644645443527
10743,0.64694148735684
10744,0.7993399291813053
10745,0.7247878938730377
10746,0.5289651491059042
10747,0.6550481179415627
10748,0.5603854720093341
10749,0.5517694747730513
10750,0.6038235302571242
10751,0.552018012755954
10752,0.5872275112341763
10753,0.5703069254193136
10754,0.588819338717651
10755,0.588819338717651
10756,0.4911191034298491
10757,0.5763216833183933
10758,0.5695920482436675
10759,0.5921801039685572
10760,0.53727842728084
10761,0.5089123861169222
10762,0.503834044948802
10763,0.5467927002197379
10764,0.5642306484961392
10765,0.6661088286118999
10766,0.5881320032463877
10767,0.5486831623959022
10768,0.5517672630828758
10769,0.5632303188090517
10770,0.5718013200470933
10771,0.6977575868790435
10772,0.7462006048627896
10773,0.7247158979266005
10774,0.877986205106443
10775,0.8384277655383414
10776,0.8280884606145165
10777,0.8697622138170021
10778,0.5409173303355651
10779,0.7801576783419729
10780,0.5692943191689961
10781,0.7707455715692562
10782,0.5688491570804626
10783,0.6926440781354061
10784,0.6202367005279033
10785,0.6709808801389133
10786,0.6371598410852111
10787,0.5885125269714532
10788,0.5927326873434049
10789,0.512503337045316
10790,0.5485970238252091
10791,0.6883968742266626
10792,0.858195608921931
10793,0.5429731366171265
10794,0.5623654247475507
10795,0.14212854199805552
10796,0.588712778244681
10797,0.5914296504187244
10798,0.5939303616221923
10799,0.21010550446993462
10800,0.7611483139101729
10801,0.23726547240639997
10802,0.24863041574617495
10803,0.29480313502649985
10804,0.5522600724978916
10805,0.7770726292358607
10806,0.7618202621522069
10807,0.5741117157226069
10808,0.6212024338457096
10809,0.7088878416943534
10810,0.6829860964610704
10811,0.5657588205345419
10812,0.5406194258249332
10813,0.45424386987286425
10814,0.5754015264647123
10815,0.6991750338306646
10816,0.5511156594642324
10817,0.5031173672605164
10818,0.5878452099678733
10819,0.6051538966803656
10820,0.5572645179317466
10821,0.7124715775654648
10822,0.5746784397402237
10823,0.5722829075998577
10824,0.5722829075998577
10825,0.5636923373121203
10826,0.649357925208268
10827,0.530935462836934
10828,0.5560700743591426
10829,0.8294477492574501
10830,0.10011932625167227
10831,0.337405110175928
10832,0.4739939458825135
10833,0.079243646314517
10834,0.08649155527871084
10835,0.5576528599787247
10836,0.5925892203999379
10837,0.37528953502304907
10838,0.6728843573253412
10839,0.8278235054002637
10840,0.2712390857027783
10841,0.6907335277675475
10842,0.5978635463311204
10843,0.7014283020813625
10844,0.40743700205791566
10845,0.5466921894848108
10846,0.22267520167205648
10847,0.08903482540033572
10848,0.14342658943109193
10849,0.1584112725987431
10850,0.10068318445150186
10851,0.17195746864185976
10852,0.12489693048508016
10853,0.6234328210463271
10854,0.1448042739843799
10855,0.152755498709983
10856,0.08771252233333779
10857,0.10704270361384473
10858,0.6823379747280265
10859,0.09422673876426328
10860,0.5742970012784354
10861,0.5742970012784354
10862,0.651051399410732
10863,0.7380018233933391
10864,0.632868134706445
10865,0.632868134706445
10866,0.5768592664445764
10867,0.5848253130955061
10868,0.5195758629827054
10869,0.5510009190892291
10870,0.3423590588989233
10871,0.158533695897977
10872,0.16349493182551225
10873,0.12263608387492753
10874,0.29117794328199526
10875,0.2447899740462688
10876,0.14244697221507477
10877,0.5737339210350987
10878,0.28748099454467707
10879,0.1565924580983689
10880,0.5545653373551866
10881,0.8139564073306429
10882,0.8426012959178676
10883,0.5542193698715994
10884,0.5760384877786688
10885,0.5760384877786688
10886,0.5910757331945884
10887,0.8037040451627564
10888,0.5728621131058842
10889,0.6699160704909286
10890,0.42439942784599116
10891,0.5513543344390837
10892,0.3187624929861453
10893,0.8244561270205362
10894,0.6235311208684473
10895,0.45345091819597794
10896,0.5567748965867328
10897,0.6005731927701128
10898,0.6000646832260649
10899,0.6153361618417448
10900,0.570209384613865
10901,0.570209384613865
10902,0.15342661390919865
10903,0.9041667996390635
10904,0.7335419105146332
10905,0.5945950305264662
10906,0.3474681970888119
10907,0.24026807856358134
10908,0.5600395088028938
10909,0.08594784525009475
10910,0.0826898062767013
10911,0.6876600324458069
10912,0.7064187620398805
10913,0.7088184544417108
10914,0.4734716912567517
10915,0.7345182414465415
10916,0.6012037288813266
10917,0.8406835645708101
10918,0.7511159117145307
10919,0.7970316762765902
10920,0.6915516478659665
10921,0.38381230504429775
10922,0.7045712738453185
10923,0.6407153868036566
10924,0.6407153868036566
10925,0.4022519514197833
10926,0.9141230014611312
10927,0.5230061735146334
10928,0.6753456256025413
10929,0.4376840275918828
10930,0.6836730697872938
10931,0.6836730697872938
10932,0.303441996229707
10933,0.602272737372455
10934,0.8155683854046106
10935,0.0926565350776263
10936,0.5996745649803272
10937,0.40386448404205
10938,0.6940884265546743
10939,0.5770802347465769
10940,0.5557139085339404
10941,0.31671185710719674
10942,0.29946693335473273
10943,0.7751978516411816
10944,0.8970672309045085
10945,0.22088357748985768
10946,0.12872552091060718
10947,0.5594401149542717
10948,0.22683643161687894
10949,0.6035248159524589
10950,0.46749920252576066
10951,0.6248636524087547
10952,0.886715084696583
10953,0.7200918159246837
10954,0.6227557861417248
10955,0.5668469051093769
10956,0.5851758325087977
10957,0.5851758325087977
10958,0.5604409701475845
10959,0.8153062529034
10960,0.7076524171441922
10961,0.7728904184903462
10962,0.539155274549515
10963,0.5725721557625447
10964,0.5709334273707274
10965,0.5791245010725211
10966,0.6425680390109096
10967,0.600728081489329
10968,0.6242379067030377
10969,0.5385305638747124
10970,0.6029497457602306
10971,0.589535763029565
10972,0.5805953163820046
10973,0.4720350103439842
10974,0.6014110705774864
10975,0.8093697054721579
10976,0.8101978881369808
10977,0.7379021138851333
10978,0.8625426880765502
10979,0.15391764539095038
10980,0.5246205792001063
10981,0.6265495624167847
10982,0.5323204275231083
10983,0.5323204275231083
10984,0.7741463906175374
10985,0.6238232127793797
10986,0.8695625768317023
10987,0.6238232127793797
10988,0.7805166114385791
10989,0.6129863311638207
10990,0.643482814801339
10991,0.6381256391464953
10992,0.6381256391464953
10993,0.5518086621871708
10994,0.8703337124019803
10995,0.8703337124019803
10996,0.09578034162766062
10997,0.6298173514874723
10998,0.7170520485632839
10999,0.6603766065990087
11000,0.6311592219227241
11001,0.41412630702495434
11002,0.6881619317823876
11003,0.6860541340157877
11004,0.5898181552502498
11005,0.7155727313879277
11006,0.6025490335406365
11007,0.6425379491711547
11008,0.6227507765288641
11009,0.6131213597053761
11010,0.5091886010000253
11011,0.30338888531576713
11012,0.7650958131037291
11013,0.5738382274343699
11014,0.09840557728419336
11015,0.8849864951409651
11016,0.11307141848636634
11017,0.29992339080338015
11018,0.5539898516680155
11019,0.5590001025838057
11020,0.8413401281774779
11021,0.5791179957993914
11022,0.3673144109629129
11023,0.5127592357540931
11024,0.4846974457367407
11025,0.4605900918075718
11026,0.19341736825454556
11027,0.13209707648989905
11028,0.8884422148687695
11029,0.5845781021325782
11030,0.33731804856336295
11031,0.9179476956222248
11032,0.6050294945767003
11033,0.5867112138276023
11034,0.5823383851090228
11035,0.5654826913220955
11036,0.7698139917718744
11037,0.9147362854440295
11038,0.8803120995248894
11039,0.8446752827593724
11040,0.8840823560814571
11041,0.7534873967075965
11042,0.832249127427409
11043,0.7721851907913676
11044,0.9085580173320623
11045,0.7760437106379073
11046,0.7170441196200189
11047,0.09978299698625542
11048,0.874536721888553
11049,0.5514761053528463
11050,0.645259293905544
11051,0.19608751933504157
11052,0.11587881383657095
11053,0.12164204680026003
11054,0.8697838677717249
11055,0.8405605140371937
11056,0.300526011085493
11057,0.7456093718418656
11058,0.1061526094915832
11059,0.21217053422550133
11060,0.7176299000271639
11061,0.631479700493294
11062,0.0860429160870805
11063,0.6007244598655399
11064,0.11161232910562865
11065,0.08042445894013411
11066,0.7703890660963905
11067,0.8608966865084994
11068,0.7792460665397736
11069,0.6436023069981393
11070,0.6815711393801996
11071,0.6815711393801996
11072,0.9090102537822716
11073,0.678650158222575
11074,0.28440388308512843
11075,0.7318948876093981
11076,0.6700993139984844
11077,0.6578012681207188
11078,0.7908732883931917
11079,0.39455821971265975
11080,0.8139111045645417
11081,0.8565377884335816
11082,0.7804645625831452
11083,0.639148821024003
11084,0.6381508203495875
11085,0.6857923821634105
11086,0.5875073349662776
11087,0.5854510458709199
11088,0.7138678560760171
11089,0.9179476956222248
11090,0.6897676168825714
11091,0.8431055202425424
11092,0.8157739400465609
11093,0.8917410624174619
11094,0.9039127043487364
11095,0.5921564655496615
11096,0.6370248333857214
11097,0.16681790308896155
11098,0.8028265846605425
11099,0.8643307276655633
11100,0.7857453562585065
11101,0.7813649095043212
11102,0.8841716602268072
11103,0.8827233963811703
11104,0.8850611668534445
11105,0.8827233963811703
11106,0.8958449680287909
11107,0.6361733012057078
11108,0.9036009926798088
11109,0.8698926353654328
11110,0.5704517879700989
11111,0.5802058324164125
11112,0.5802058324164125
11113,0.6315804312746947
11114,0.6315804312746947
11115,0.8715526348067375
11116,0.8247403051024963
11117,0.8827233963811703
11118,0.8920297837582905
11119,0.8839283310109254
11120,0.876195789127369
11121,0.5863448814170495
11122,0.8243660211261982
11123,0.631119978927993
11124,0.8573033806763598
11125,0.6471585108971627
11126,0.6160316888072156
11127,0.8326991564328534
11128,0.8528810882590162
11129,0.8418476828067376
11130,0.8830116430674034
11131,0.83654990725108
11132,0.8889433617396836
11133,0.5632389142938805
11134,0.8757894716703637
11135,0.8822665288294602
11136,0.8761531916416623
11137,0.8027887028416303
11138,0.8421470492347721
11139,0.7615563493085721
11140,0.7091066520910135
11141,0.8892419955352624
11142,0.8594885597675334
11143,0.8249692487364277
11144,0.9089892077098896
11145,0.7935971821514717
11146,0.8719984151226075
11147,0.8738822155820626
11148,0.5996636890845366
11149,0.8512453171076484
11150,0.7176284072388587
11151,0.729890205863569
11152,0.507792374973759
11153,0.6693620200303658
11154,0.7021054574183454
11155,0.7600467203033767
11156,0.9053366867817814
11157,0.6861201628721376
11158,0.47742201889107044
11159,0.7539786730543864
11160,0.8793856984620272
11161,0.18382942882393424
11162,0.6349494955103228
11163,0.8990738938482215
11164,0.7575241926807789
11165,0.9140538008587561
11166,0.8530535875343485
11167,0.14679234830934385
11168,0.2506866773832086
11169,0.1778677717593105
11170,0.7986834119584053
11171,0.8680723687943234
11172,0.8059959670573509
11173,0.7491957891942127
11174,0.6600668765920359
11175,0.8581279564226652
11176,0.8960783071676254
11177,0.6448579914890362
11178,0.9141951528912468
11179,0.8973389855212465
11180,0.6250779662038188
11181,0.8279435399984758
11182,0.5939714531703546
11183,0.7340434614088318
11184,0.7744025185850277
11185,0.6952742885419632
11186,0.6750665397799935
11187,0.9166841999806729
11188,0.6837486521692491
11189,0.6837486521692491
11190,0.6846802757120175
11191,0.8088343373880582
11192,0.6234865584963446
11193,0.6927974867130278
11194,0.6625715394235442
11195,0.626069396943765
11196,0.619453774675995
11197,0.861368210497605
11198,0.6410430564917614
11199,0.89695108773179
11200,0.8551918831404315
11201,0.89695108773179
11202,0.9103481872742704
11203,0.9166890822356915
11204,0.7077072281285992
11205,0.7995352143458494
11206,0.8273206802039013
11207,0.6527195512576572
11208,0.8827336055075613
11209,0.5253055693934993
11210,0.4955891895557628
11211,0.7636327955615659
11212,0.7703016783785385
11213,0.7313677442243223
11214,0.10759174989102491
11215,0.10444051822236541
11216,0.0840477547176596
11217,0.23681132662885596
11218,0.3825758431465261
11219,0.24292330838172238
11220,0.5513919271860566
11221,0.5437661055352747
11222,0.7649771700023559
11223,0.7628735219259091
11224,0.31232541545859005
11225,0.6266950856418364
11226,0.5535281668586438
11227,0.8217795441859591
11228,0.6089777384378668
11229,0.907842499778231
11230,0.6315169373608476
11231,0.6757111250948843
11232,0.7152513887859734
11233,0.67513088198646
11234,0.7921324735816876
11235,0.1209268053973591
11236,0.8958449680287909
11237,0.8775103545606878
11238,0.8827233963811703
11239,0.7522934469031586
11240,0.8620993490366088
11241,0.7981935794604972
11242,0.7786057223822005
11243,0.8697838677717249
11244,0.7936975684677955
11245,0.8286550680798012
11246,0.8079655392810051
11247,0.7551052775593433
11248,0.20115179226720184
11249,0.6115718514704447
11250,0.5455543504980755
11251,0.5612133879431144
11252,0.8254288841295754
11253,0.8463797786182835
11254,0.8827233963811703
11255,0.8827233963811703
11256,0.8775103545606878
11257,0.8594885597675334
11258,0.8027887028416303
11259,0.7804084409580251
11260,0.8789170407805973
11261,0.7810916268459001
11262,0.4552113095307545
11263,0.6000985378614649
11264,0.5753573789106157
11265,0.6613104054539076
11266,0.5610732612765521
11267,0.7360762775570399
11268,0.865931471787297
11269,0.7664895155220984
11270,0.11151154503149964
11271,0.12608769841128142
11272,0.13077872255959805
11273,0.6795937291661418
11274,0.6425403048844261
11275,0.6043862979390213
11276,0.6265972416493437
11277,0.08271341851213158
11278,0.701386859321999
11279,0.8050441749069118
11280,0.12281640759931878
11281,0.6536744198459513
11282,0.6543738676079023
11283,0.8335929454418062
11284,0.8845852200454266
11285,0.8449916861262096
11286,0.8001051681340233
11287,0.8217720356381095
11288,0.8164435165322221
11289,0.8297074565454379
11290,0.21432646610450445
11291,0.7694454771868279
11292,0.7670662141359516
11293,0.12307518734286739
11294,0.3862520909054793
11295,0.4116220411565298
11296,0.5156066290693996
11297,0.5156066290693996
11298,0.6844908891236033
11299,0.3491444023213802
11300,0.5857641055080529
11301,0.28929073215216383
11302,0.11810802618497016
11303,0.3472022336658044
11304,0.12263333388065692
11305,0.6779001297217687
11306,0.6432411673553133
11307,0.5731013518640988
11308,0.3747932710487227
11309,0.3863672844493893
11310,0.49184245769648527
11311,0.8659009090775042
11312,0.8097048854463164
11313,0.12540088531963653
11314,0.901735455886693
11315,0.8230905942336356
11316,0.5197461595080963
11317,0.5812544734716132
11318,0.5811353387655922
11319,0.7514019262886033
11320,0.764149923413428
11321,0.09916632127100652
11322,0.08584186070034952
11323,0.0881729445982285
11324,0.4386461504532166
11325,0.10194744975042834
11326,0.6404633452786017
11327,0.5955143421450518
11328,0.5511653213828547
11329,0.08467815588617113
11330,0.5255189254489403
11331,0.28346386610113905
11332,0.23581474461448823
11333,0.43047053237584787
11334,0.6541600292515112
11335,0.7221593736519407
11336,0.5410364448351088
11337,0.5007740750968661
11338,0.08919459951306366
11339,0.13702215900469114
11340,0.1347044341429432
11341,0.15172747563977465
11342,0.16985605494716483
11343,0.30606683680528496
11344,0.212131344096692
11345,0.13710712470988362
11346,0.26936641514399706
11347,0.4438905893684226
11348,0.48518622515027243
11349,0.3562273843888023
11350,0.2553598582905653
11351,0.8260694630868677
11352,0.0917712389571156
11353,0.11860934227431708
11354,0.26512360334718954
11355,0.09166669087563618
11356,0.08548493665943763
11357,0.25142229386166515
11358,0.09326047083751772
11359,0.5902664386145493
11360,0.5966890189276428
11361,0.11497715361998195
11362,0.1124208848056916
11363,0.22768808314203554
11364,0.11714349467658572
11365,0.08505631826523612
11366,0.10037971478818954
11367,0.09068216112027933
11368,0.3953704541634408
11369,0.4648461798477798
11370,0.2286143739201995
11371,0.5693896401672621
11372,0.5397764422432988
11373,0.6095593089937588
11374,0.19401084108823297
11375,0.6795910470780071
11376,0.32614860397898343
11377,0.36233924335212886
11378,0.6438721851995114
11379,0.261752614262525
11380,0.5582855244731184
11381,0.6074224938044188
11382,0.0885918352353122
11383,0.0969414758173488
11384,0.6784999490117162
11385,0.5517528076155898
11386,0.3444666852588305
11387,0.34190719075663834
11388,0.12240285525409007
11389,0.21755336790562502
11390,0.3697994739055197
11391,0.08088349295076805
11392,0.8175597973184318
11393,0.2754895851130556
11394,0.7720707563593978
11395,0.7910509070087308
11396,0.6466011019379098
11397,0.5053435644789454
11398,0.5794587793423034
11399,0.8299894587296112
11400,0.2580794742714002
11401,0.28701099385094436
11402,0.7921825721316242
11403,0.8268130298266031
11404,0.1258142505753471
11405,0.12371646363113273
11406,0.0908462349981298
11407,0.1264299262131126
11408,0.09706190426174738
11409,0.15418929491103245
11410,0.2816612893828923
11411,0.15970881099169895
11412,0.2788958469740328
11413,0.3942775397947321
11414,0.12991940017810716
11415,0.33809246790566916
11416,0.07802351576190444
11417,0.2875254280587807
11418,0.08872380314683959
11419,0.3109168050163734
11420,0.3263775307257525
11421,0.3113130029895371
11422,0.08416015939160869
11423,0.2803582931299998
11424,0.22800624864071362
11425,0.33785848893342474
11426,0.12383117313272364
11427,0.37155076719887736
11428,0.08998586438002298
11429,0.16046690545462433
11430,0.17613918813122958
11431,0.1713147283927003
11432,0.876473090985006
11433,0.8993564485707243
11434,0.5561247537930891
11435,0.6882309914681763
11436,0.7306698676168345
11437,0.14569984979728554
11438,0.27196752409628433
11439,0.416286801376599
11440,0.30869886240880345
11441,0.8871087352576981
11442,0.8801352910232979
11443,0.2283280498345629
11444,0.3204590757312052
11445,0.08435890489201445
11446,0.10711889903988801
11447,0.2670905916321862
11448,0.3133519197786108
11449,0.20612773183342653
11450,0.076633600746763
11451,0.6533232161675492
11452,0.6145270832638403
11453,0.7961217577070231
11454,0.08809160857290446
11455,0.10613148072618064
11456,0.0981967118476118
11457,0.10531633094056962
11458,0.0918661728253932
11459,0.09561527848283136
11460,0.07550087232014961
11461,0.6400416386303339
11462,0.0895282265526047
11463,0.6398197869424844
11464,0.26436817420683845
11465,0.09255054714625131
11466,0.08504503815252192
11467,0.08700806381446693
11468,0.7675515608230306
11469,0.8285489251505112
11470,0.8553969781682316
11471,0.832726910814365
11472,0.8484628589509886
11473,0.11631652939778092
11474,0.08693126451285141
11475,0.6084237499442369
11476,0.6463819294205564
11477,0.6699862430410541
11478,0.8017874412129367
11479,0.7536786295700529
11480,0.8940326652153477
11481,0.8121545893285926
11482,0.09005662611759294
11483,0.3765481572206833
11484,0.7355570669436698
11485,0.7193665745772749
11486,0.9166890822356915
11487,0.829485285290731
11488,0.6434838887273627
11489,0.8553647521462314
11490,0.8716263347140325
11491,0.8440293172984045
11492,0.9025674855089362
11493,0.2719148869794875
11494,0.614504117379655
11495,0.8361117855441501
11496,0.8057124996331193
11497,0.8701977039860693
11498,0.9088839525433963
11499,0.8242732764807283
11500,0.9036191897712288
11501,0.8220713468568035
11502,0.9016577099361841
11503,0.8735524605091374
11504,0.4470066224551539
11505,0.7619731852362953
11506,0.9104565095322749
11507,0.9172077021979742
11508,0.7607056004152611
11509,0.35097443514938875
11510,0.8592076972521205
11511,0.8940944444915478
11512,0.8624999833242266
11513,0.8060000821827528
11514,0.7579266204414659
11515,0.8354924129702553
11516,0.8833064716053983
11517,0.8788953807056649
11518,0.8899299819909775
11519,0.5021452049252957
11520,0.5643907355340287
11521,0.8365200422472235
11522,0.8606603602982654
11523,0.8148340392833789
11524,0.7518875952765969
11525,0.17584152998253677
11526,0.8438342531219205
11527,0.13135556971497303
11528,0.4170388082540075
11529,0.09334429638622777
11530,0.09026187622828015
11531,0.8753597344730015
11532,0.6784262125644135
11533,0.6801562931129255
11534,0.7142590181215215
11535,0.7898798318673643
11536,0.9111289857039901
11537,0.8908332643916825
11538,0.7720092159247984
11539,0.7739340567321193
11540,0.9062818712768058
11541,0.48331060355534516
11542,0.8837299879033894
11543,0.886481521303977
11544,0.840622487988587
11545,0.8222332342189673
11546,0.8851826265941959
11547,0.751948126363637
11548,0.4415703471901064
11549,0.7782551352395636
11550,0.7741463906175374
11551,0.8916699215445658
11552,0.9113047754194732
11553,0.6949324477157982
11554,0.8731078259011041
11555,0.9016754229489404
11556,0.9161700077913494
11557,0.8313956946658794
11558,0.31250957517733335
11559,0.5163344781303586
11560,0.08402937248797218
11561,0.5451050340835456
11562,0.4137342388661187
11563,0.16803998818719149
11564,0.47574341874653736
11565,0.5008417134043793
11566,0.5641012702045745
11567,0.2877732241578811
11568,0.8123692941214282
11569,0.7474441675297618
11570,0.5387670803635534
11571,0.6994501888328497
11572,0.1003622798513013
11573,0.679286935489895
11574,0.9018759061597353
11575,0.8786821279990544
11576,0.6543381836848172
11577,0.730203926245341
11578,0.8313748142260551
11579,0.6544122691920072
11580,0.9153914148748732
11581,0.7409505686475522
11582,0.8481993923397906
11583,0.9145688112941082
11584,0.889930327510392
11585,0.8643137593594101
11586,0.7687624373928823
11587,0.8057626172448544
11588,0.7996820110057679
11589,0.8933637744017915
11590,0.8933637744017915
11591,0.49013327944378016
11592,0.46783025842128595
11593,0.570002271752793
11594,0.570002271752793
11595,0.48627199265925763
11596,0.5236686987407719
11597,0.12899519665756598
11598,0.8176027936500945
11599,0.8194951811250948
11600,0.8295105780601216
11601,0.8523188314481103
11602,0.10156805972044472
11603,0.08381670781129202
11604,0.09929349974502558
11605,0.08881449927228788
11606,0.12033097276067398
11607,0.12640873404287178
11608,0.4519429732848615
11609,0.08283589287948165
11610,0.4695555517743151
11611,0.08036667937374455
11612,0.08246540521436105
11613,0.11801284133255169
11614,0.2872444562374982
11615,0.09030844850285966
11616,0.12461849098865126
11617,0.3203311009371049
11618,0.1103379338048153
11619,0.11799103663426916
11620,0.11801575209340212
11621,0.2705426411751687
11622,0.4728071129630312
11623,0.09517040452668332
11624,0.6391348242697601
11625,0.8906835617510702
11626,0.5985703005980573
11627,0.3887910913078877
11628,0.5788480555987918
11629,0.5809835378776556
11630,0.6290239159346256
11631,0.6351371211520687
11632,0.5536176931972059
11633,0.5572484856839673
11634,0.6870306812488017
11635,0.5619649961041866
11636,0.5551583229155229
11637,0.5642351939558246
11638,0.6758491000531297
11639,0.6069042764808792
11640,0.5344280012461863
11641,0.543996158859057
11642,0.2678076726896994
11643,0.6702771651055076
11644,0.6702771651055076
11645,0.8584837993477663
11646,0.5940276106621147
11647,0.2009419623171669
11648,0.30046225593574705
11649,0.5855711516017157
11650,0.5284619834496567
11651,0.5284619834496567
11652,0.657396914098724
11653,0.591512291109271
11654,0.591512291109271
11655,0.5314077577435815
11656,0.5981902232020426
11657,0.6634895735613954
11658,0.7237878675077096
11659,0.7583074122758529
11660,0.11076914141487616
11661,0.5060735914635955
11662,0.5386773696891953
11663,0.5432333581529105
11664,0.553833872895193
11665,0.42551739777875947
11666,0.4139043903680344
11667,0.5865816572577762
11668,0.560664107153696
11669,0.7028950916305466
11670,0.20561264867655848
11671,0.24605367000274947
11672,0.6447899569651696
11673,0.7363478713800576
11674,0.26287666547600175
11675,0.09337127952771708
11676,0.0795475309891025
11677,0.3252039013287945
11678,0.6671596852129333
11679,0.620405670693265
11680,0.11193311468951662
11681,0.781638344597484
11682,0.23043004688022492
11683,0.7771372952870403
11684,0.717255064713786
11685,0.717255064713786
11686,0.8229035258736578
11687,0.8229035258736578
11688,0.38629586631128604
11689,0.3299559588932302
11690,0.1968840478945517
11691,0.4634826926801069
11692,0.2687265327001306
11693,0.7674555646533872
11694,0.33069247662631845
11695,0.8905769282183761
11696,0.22669619517727674
11697,0.36675273327323665
11698,0.6540384626412509
11699,0.21107530208406572
11700,0.4383908650888288
11701,0.08067004997982527
11702,0.10153053138594358
11703,0.44878809139827214
11704,0.09012638958298026
11705,0.12540842816589226
11706,0.08451879544669469
11707,0.14766836358102714
11708,0.10145687206703627
11709,0.08737896594405843
11710,0.171655363218838
11711,0.07595424890842498
11712,0.07645712783483129
11713,0.16825516161217302
11714,0.3188429347842616
11715,0.19896662444244975
11716,0.12168650420810319
11717,0.2370356089722776
11718,0.18971116716749553
11719,0.8276363842794883
11720,0.7271413904756834
11721,0.49892261754983036
11722,0.2637608949587664
11723,0.09990159307387672
11724,0.6351783848515173
11725,0.30012541086682754
11726,0.42734518274751143
11727,0.5226490500961304
11728,0.21076361280585482
11729,0.22705225250415714
11730,0.2709703353902048
11731,0.27890886944451376
11732,0.4640450052272202
11733,0.182832429273924
11734,0.09645465962670648
11735,0.33842848474188075
11736,0.19310934581515504
11737,0.6255648812169017
11738,0.7119992474741476
11739,0.09564321100901768
11740,0.6828841504602464
11741,0.5393324590172257
11742,0.16785201818479156
11743,0.13158753279454602
11744,0.15016510483950324
11745,0.10265893469500854
11746,0.07646458293487206
11747,0.1228332738221031
11748,0.8774039906476518
11749,0.555528495615246
11750,0.13659489627646346
11751,0.7046823093274377
11752,0.1569000566595203
11753,0.5260635788625123
11754,0.7758624947925028
11755,0.40310738326886564
11756,0.20029862066967088
11757,0.31717786910490864
11758,0.07961163258052908
11759,0.09899886741145944
11760,0.21152563412462985
11761,0.22501190922935144
11762,0.12573958945906294
11763,0.49197501874498994
11764,0.13244004466241355
11765,0.3259019597145683
11766,0.8195075446299518
11767,0.8051766290595054
11768,0.7799419556145455
11769,0.8621132479625051
11770,0.6779533125637713
11771,0.6391684237500052
11772,0.5690692953415759
11773,0.8409927512284275
11774,0.07859826588022234
11775,0.07710031839217599
11776,0.2434187868677125
11777,0.271646242138257
11778,0.7491277290876754
11779,0.2830567298804918
11780,0.6435700148758933
11781,0.3874332741128137
11782,0.5419917899086433
11783,0.25028428541786696
11784,0.5657551908742094
11785,0.7807184255262607
11786,0.8429220796245965
11787,0.7191332737652433
11788,0.4309966663431952
11789,0.6601184541043614
11790,0.6406710011999865
11791,0.6579875527071035
11792,0.7996660183627686
11793,0.7693932335156318
11794,0.8547987922872559
11795,0.823702683069722
11796,0.8436381588815685
11797,0.6223013924988856
11798,0.6598803447215229
11799,0.7414385611477093
11800,0.8834911216329495
11801,0.7150183193419253
11802,0.6748924686131559
11803,0.5209265613365784
11804,0.5875561803975707
11805,0.32815184255439167
11806,0.7274984030124574
11807,0.30952155843225704
11808,0.7149052905512534
11809,0.7867958559068162
11810,0.32737854368613234
11811,0.8774230095975062
11812,0.8708522052295078
11813,0.13578723132164372
11814,0.07770689080834754
11815,0.20166220155868236
11816,0.8378735106154669
11817,0.8918928519783246
11818,0.8837467383498292
11819,0.8883417612464306
11820,0.8898688222529256
11821,0.8627005202824636
11822,0.8465240414642058
11823,0.8253974882099571
11824,0.7656116423489738
11825,0.7767717639339322
11826,0.8213805857233318
11827,0.7421949950610675
11828,0.7134208756568923
11829,0.7199707346433574
11830,0.5330169689053555
11831,0.3435098197285481
11832,0.0895918854045254
11833,0.7486626850350325
11834,0.8193392386375584
11835,0.5398224592257618
11836,0.4470327468966819
11837,0.4842591461646091
11838,0.8748947950624764
11839,0.34094033350771963
11840,0.18021352127877033
11841,0.1651887680709948
11842,0.6381508203495875
11843,0.07786704218767831
11844,0.08641637951677125
11845,0.7614328996187629
11846,0.2349435513075952
11847,0.6906237092643193
11848,0.30712876152402824
11849,0.6084738035683602
11850,0.7208255808278725
11851,0.7692281358085522
11852,0.08055626572132536
11853,0.7914636626999855
11854,0.6540802956748127
11855,0.6846442484971988
11856,0.9131096970782732
11857,0.7219082125585911
11858,0.8607219435366
11859,0.9103051519827288
11860,0.8617493539043898
11861,0.8159512543051968
11862,0.6866262265298655
11863,0.8906855295198922
11864,0.4437648487567828
11865,0.8217631492666566
11866,0.07967004371867656
11867,0.6049091162224318
11868,0.6075242434262336
11869,0.8827261363402743
11870,0.8587484766302914
11871,0.13534609006279974
11872,0.0957225758309263
11873,0.8770349705246723
11874,0.8836355591178615
11875,0.8482702826010818
11876,0.08176456609289312
11877,0.7978102494441492
11878,0.8076936773948551
11879,0.9179476956222248
11880,0.8050651864042353
11881,0.6970411076505003
11882,0.7855294060726654
11883,0.8718321040663017
11884,0.8366712835339303
11885,0.8366712835339303
11886,0.8392392561703323
11887,0.7808960912508185
11888,0.8701977039860693
11889,0.9153234634272766
11890,0.09447941848048241
11891,0.09582805938079907
11892,0.7055820792385527
11893,0.10202936417778491
11894,0.10500238155152383
11895,0.09120753404714402
11896,0.19425602507802775
11897,0.08032563286086108
11898,0.1619490423202872
11899,0.7944703983536856
11900,0.8188645689156997
11901,0.19345112719982369
11902,0.8931093325479776
11903,0.6581852621483546
11904,0.2446101294649492
11905,0.8547987922872559
11906,0.5063785404190088
11907,0.8887265934245374
11908,0.8269265424298703
11909,0.6169975882049316
11910,0.6379618579377601
11911,0.17246852006746075
11912,0.24692084233163497
11913,0.8500765656128352
11914,0.711771861453218
11915,0.8178439013954708
11916,0.09444755447740175
11917,0.0794600753251947
